id,question,answer,category,marks
1,Define Artificial Intelligence and explain its significance in modern computing.,"Artificial Intelligence (AI) is defined as ""the science and engineering of making intelligent machines, especially intelligent computer programs"" as coined by John McCarthy in 1956.

AI enables computers to perform tasks that typically require human intelligence, including learning, reasoning, problem-solving, perception, and understanding language. It is relevant to any intellectual task where machines need to make decisions or choose actions based on the current system state, essentially acting intelligently or rationally.

The significance of AI in modern computing includes:
1. Universal Application: AI has a wide range of applications across virtually all domains
2. Decision Making: Enables automated, intelligent decision-making in complex scenarios
3. Adaptation: Systems can adapt to changing conditions and learn from experience
4. Efficiency: Automates tasks that previously required human intervention
5. Problem Solving: Tackles complex problems through computational intelligence

AI represents a transformative technology that extends computational capabilities beyond traditional programming to include intelligent behavior and autonomous decision-making.",Introduction to AI,5
2,Differentiate between Narrow AI and General AI with suitable examples.,"Narrow AI and General AI represent two distinct categories of artificial intelligence:

**Narrow AI (Weak AI):**
- Designed for specific, well-defined tasks
- Cannot perform beyond its programmed capabilities
- Operates within a limited domain
- Currently available and widely deployed
- Examples: Siri (voice assistant), Google Translate (language translation), Face Recognition systems, recommendation algorithms

**General AI (Strong AI):**
- Can perform any intellectual task that a human can perform
- Has the ability to learn and adapt independently across domains
- Possesses reasoning capabilities comparable to human intelligence
- Still theoretical and under active research
- No practical implementations exist yet
- Represents the long-term goal of AI research

**Key Differences:**
1. Scope: Narrow AI is task-specific; General AI is universal
2. Flexibility: Narrow AI cannot transfer learning; General AI can apply knowledge across domains
3. Availability: Narrow AI exists today; General AI remains theoretical
4. Autonomy: Narrow AI follows programming; General AI would exhibit true autonomy
5. Intelligence: Narrow AI simulates intelligence; General AI would possess genuine intelligence

Currently, all commercially available AI systems are examples of Narrow AI.",Introduction to AI,5
3,Explain the Turing Test approach to AI with its significance and methodology.,"The Turing Test, designed by Sir Alan Turing, is a benchmark for evaluating whether a machine can exhibit intelligent behavior indistinguishable from a human. It follows the ""Acting Humanly"" approach to AI.

**Methodology:**
The test involves a human judge engaging in a text-based conversation with both a human and a machine simultaneously. The judge must determine which respondent is human based solely on the conversation. If the judge cannot reliably distinguish the machine from the human, the machine is said to have passed the Turing Test.

**Key Components:**
1. Written communication format to eliminate physical appearance bias
2. Human interrogator asks questions to both participants
3. Machine must provide responses indistinguishable from human responses
4. Focus on behavioral similarity rather than internal mechanisms

**Significance:**
1. Historical Impact: Remains valid even after 60+ years of AI research
2. Behavioral Benchmark: Tests practical intelligence rather than theoretical capability
3. Communication Focus: Emphasizes natural language understanding and generation
4. Philosophical Implications: Raises questions about machine consciousness and intelligence

**Required Capabilities:**
For a machine to pass the Turing Test, it needs:
- Natural Language Processing to understand and generate text
- Knowledge representation to store and retrieve information
- Automated reasoning to answer questions logically
- Machine learning to adapt and improve responses

The Turing Test remains a fundamental concept in AI, though modern AI research has expanded beyond this single benchmark.",Introduction to AI,5
4,Describe the four main approaches to defining Artificial Intelligence.,"Artificial Intelligence can be defined through four distinct approaches, each offering a unique perspective on what constitutes AI:

**1. Acting Humanly: The Turing Test Approach**
- Definition: ""The art of creating machines that perform functions requiring intelligence when performed by people""
- Focus: Making machines behave like humans in observable ways
- Evaluation: Through behavioral similarity testing
- Example: Chatbots, virtual assistants mimicking human conversation

**2. Thinking Humanly: The Cognitive Modelling Approach**
- Definition: ""The automation of activities we associate with human thinking, such as decision-making, problem-solving, and learning""
- Focus: Understanding and replicating human thought processes
- Methodology: Uses cognitive science to model human mental processes
- Techniques: Introspection, psychological experiments, brain imaging
- Goal: Creating programs whose input-output matches human reasoning

**3. Thinking Rationally: The Laws of Thought Approach**
- Definition: ""The study of mental faculties through computational models""
- Focus: Implementing logical reasoning and ""right thinking""
- Foundation: Based on Aristotelian logic and formal reasoning
- Example: ""Socrates is a man; all men are mortal; therefore Socrates is mortal""
- Limitation: Requires complete knowledge and extensive computational resources

**4. Acting Rationally: The Rational Agent Approach**
- Definition: ""Concerned with intelligent behavior in artifacts""
- Focus: Creating agents that make optimal decisions to achieve goals
- Characteristics: Acts to achieve best outcomes even with uncertainty
- Components: Perception through sensors, action through actuators
- Example: Autonomous vehicles making real-time navigation decisions

These four approaches have historically been pursued by different research groups, each contributing unique perspectives to AI development.",Introduction to AI,5
5,Compare and contrast Human Brain and Computer in the context of artificial intelligence.,"The comparison between human brains and computers reveals fundamental differences that inform AI development:

**Processing:**
- Human Brain: Parallel processing - can handle multiple tasks simultaneously using distributed neural networks
- Computer: Mostly sequential processing - executes instructions one after another (though modern systems have parallel capabilities)

**Learning:**
- Human Brain: Experience-based learning through interaction with environment, contextual understanding, and emotional connections
- Computer: Data-driven learning via algorithms, requiring structured training data and explicit programming

**Emotions:**
- Human Brain: Possesses emotions that influence decision-making, motivation, and social interaction
- Computer: No emotions - operates purely on logical rules and programmed responses

**Memory:**
- Human Brain: Limited capacity but highly adaptive, uses context and associations, subject to forgetting and reconstruction
- Computer: Large but fixed storage capacity, perfect recall of stored data, no natural forgetting mechanism

**Creativity:**
- Human Brain: High creativity - can imagine, innovate, and generate novel ideas without explicit training
- Computer: Limited creativity (currently) - can recombine existing patterns but struggles with true originality

**Implications for AI:**
1. AI excels at tasks requiring large-scale data processing and perfect memory
2. Humans remain superior in tasks requiring emotional intelligence, creativity, and contextual understanding
3. Modern AI attempts to bridge gaps through neural networks (inspired by brain structure) and machine learning
4. Hybrid approaches combining human and AI strengths often prove most effective

Understanding these differences guides AI development toward complementing human capabilities rather than simply replicating them.",Introduction to AI,5
6,Explain the six foundational disciplines that contribute to Artificial Intelligence.,"Artificial Intelligence draws upon six major foundational disciplines, each contributing essential concepts and methods:

**1. Philosophy:**
- Contributions: Logic, reasoning methods, knowledge representation
- Key Questions: Can formal rules draw valid conclusions? How does mind arise from physical brain? Where does knowledge come from? How does knowledge lead to action?
- Impact: Provides theoretical foundation for reasoning and knowledge

**2. Mathematics:**
- Contributions: Formal logic, optimization algorithms, probability theory, computational theory
- Key Questions: What are formal rules for valid conclusions? What can be computed? How to reason with uncertainty?
- Example: Google's PageRank algorithm uses probability for search ranking

**3. Economics:**
- Contributions: Decision theory, game theory, utility maximization
- Key Questions: How to make optimal decisions? How to handle multi-agent scenarios? How to plan for long-term outcomes?
- Impact: Informs rational decision-making in AI systems

**4. Neuroscience:**
- Contributions: Neural network inspiration, brain information processing models
- Example: Deep learning in self-driving cars mimics human vision and decision-making
- Impact: Provides biological inspiration for AI architectures

**5. Psychology:**
- Contributions: Human cognition models, learning theories, perception studies
- Focus: Cognitive psychology views brain as information-processing unit
- Example: Educational AI tutors (like Duolingo) adapt to student learning styles

**6. Linguistics:**
- Contributions: Language structure, natural language processing, syntax and semantics
- Question: How does language relate to thought?
- Example: ChatGPT and Google Assistant use NLP for human-like communication

These disciplines collectively provide the theoretical frameworks, methodologies, and inspiration necessary for developing comprehensive AI systems.",Foundations of AI,5
7,Trace the historical evolution of Artificial Intelligence from ancient times to the present.,"The history of Artificial Intelligence spans from ancient imagination to modern reality:

**Ancient Dreams (Pre-1600s):**
- Greek Myths: Talos, a mechanical robot guarding Crete
- Indian Epics: Vedic stories featuring mechanical birds and talking statues
- Da Vinci's Robot (1495): Leonardo designed a mechanical knight
- Significance: AI began as human imagination before technology existed

**Early Scientific Thoughts (1600s-1800s):**
- René Descartes: ""I think, therefore I am"" - questioned reasoning nature
- Gottfried Leibniz: Dreamed of thought-calculating machines
- Jacquard Loom (1801): Used punched cards, precursor to programming
- Impact: Established philosophical and mechanical foundations

**Birth of Computers (1930s-1950s):**
- Alan Turing (1936): Invented Turing Machine, asked ""Can machines think?""
- ENIAC (1945): First electronic general-purpose computer
- Turing Test (1950): Proposed methodology to test machine intelligence
- Significance: Transformed AI from philosophy to science

**Official Birth of AI (1956):**
- Dartmouth Conference: John McCarthy, Marvin Minsky coined ""Artificial Intelligence""
- Bold Prediction: ""Within 20 years, machines will do everything humans can""
- Impact: Established AI as formal academic discipline

**AI Winters (1970s-1980s):**
- Causes: Unfulfilled promises, limited computing resources, insufficient data
- Result: Research funding halted, progress slowed significantly
- Lesson: Demonstrated gap between theoretical AI and practical implementation

**AI Reawakening (1990s-2010s):**
- 1997: IBM's Deep Blue defeated chess champion Garry Kasparov
- 2000s: Internet, Big Data, and faster processors revitalized AI
- 2011: IBM Watson won Jeopardy!
- 2012: Deep Learning revolution - machines began seeing and hearing
- Impact: Practical AI applications became commercially viable

**Modern Era (2010s-Present):**
- Voice Assistants: Alexa, Siri, Google Assistant
- Autonomous Vehicles: Self-driving car technology
- Generative AI: ChatGPT, image generation tools
- Healthcare AI: Disease diagnosis and drug discovery
- Significance: AI integrated into everyday life

The AI journey demonstrates cycles of optimism and disappointment, ultimately leading to today's transformative technologies.",History of AI,5
8,Explain the different types of AI environments with suitable examples for each type.,"AI environments are classified along six dimensions, each affecting how agents operate:

**1. Observability (Fully vs. Partially Observable):**
- Fully Observable: Agent has complete information about environment state
  Example: Chess game - all pieces and positions visible
- Partially Observable: Agent receives limited environmental data
  Example: Self-driving car in fog - sensors provide incomplete information
- Impact: More sensors increase observability and agent effectiveness

**2. Determinism (Deterministic vs. Stochastic):**
- Deterministic: Outcomes are predictable and certain
  Example: Calculator operations - 2+2 always equals 4
- Stochastic: Outcomes involve randomness and uncertainty
  Example: Weather forecasting - predictions based on probabilities
- Significance: Stochastic environments pose greater challenges for decision-making

**3. Episodes (Episodic vs. Sequential):**
- Episodic: Tasks are independent, past actions don't affect future
  Example: Image classification - each image processed independently
- Sequential: Actions affect future states, requires learning from history
  Example: Chess, autonomous driving - each move influences subsequent possibilities
- Implication: Sequential environments require memory and planning

**4. Changeability (Static vs. Dynamic):**
- Static: Environment doesn't change during agent's decision-making
  Example: Puzzle solving - pieces remain fixed during analysis
- Dynamic: Environment changes while agent operates, requires continuous adaptation
  Example: Traffic navigation - conditions change in real-time
- Challenge: Dynamic environments demand responsive, adaptive agents

**5. State Space (Discrete vs. Continuous):**
- Discrete: Finite, countable states and actions
  Example: Board games like chess - limited possible moves
- Continuous: Infinite possible states and actions
  Example: Robot arm movement - unlimited possible angles and positions
- Complexity: Continuous environments require sophisticated control mechanisms

**6. Agent Count (Single-Agent vs. Multi-Agent):**
- Single-Agent: One AI operates independently
  Example: Vacuum cleaning robot - works alone
- Multi-Agent: Multiple AIs interact, collaborate, or compete
  Example: Online multiplayer games (PUBG) - many agents interact simultaneously
- Consideration: Multi-agent environments require coordination strategies

Understanding these environment types is crucial for selecting appropriate AI techniques and designing effective agent architectures.",AI Environments,5
9,Explain the concept of problem-solving agents in AI with its core components.,"A problem-solving agent is an intelligent entity designed to achieve specific goals by defining problems and searching for optimal action sequences. These agents operate effectively in environments that are known, deterministic (predictable outcomes), and fully observable (complete state information).

**Core Components of Problem Definition:**

1. **Initial State**: The agent's starting configuration (e.g., vacuum cleaner in Room A with Room B dirty)

2. **Actions**: The complete set of possible moves available to the agent (e.g., move left, move right, clean)

3. **Transition Model**: Describes how the world state changes after each action, providing predictability for planning

4. **Goal Test**: Determines whether the current state satisfies the objective (e.g., all rooms are clean)

5. **Path Cost**: Quantifies the expense of a solution path in terms of steps, time, energy, or other resources

**Real-World Applications:**
Problem-solving agents power various systems from self-driving cars (navigating from point A to B) to logistics optimization (food delivery routing) to resource scheduling (courtroom allocation).

The effectiveness of these agents depends on accurately formulating the problem with all five components, which then enables search algorithms to explore possible solutions and find optimal paths through the problem space.",Problem Solving,5
10,Compare and contrast Breadth-First Search (BFS) and Depth-First Search (DFS) algorithms.,"BFS and DFS are fundamental uninformed search algorithms with distinct characteristics:

**Breadth-First Search (BFS):**
- Explores neighboring nodes level by level before proceeding deeper
- Uses Queue (FIFO - First In First Out) data structure
- Finds shortest path when all step costs are equal
- Complete and optimal for uniform cost problems
- High memory consumption: O(b^d) space complexity
- Real-world example: Facebook friend suggestions explore first-level connections before second-level

**Depth-First Search (DFS):**
- Explores as deep as possible along each branch before backtracking
- Uses Stack (LIFO - Last In First Out) or recursion
- May not find shortest path
- Memory efficient: O(bd) space complexity
- Risk of infinite loops without visited node tracking
- Real-world example: Maze solving - going deep into one path, then backtracking

**Key Differences:**
- Completeness: BFS is complete; DFS is not (unless depth-limited)
- Optimality: BFS is optimal for uniform costs; DFS is not optimal
- Memory: BFS requires significantly more memory than DFS
- Use Cases: BFS for shortest paths and web crawling; DFS for puzzle solving and file system searching

Both have O(b^d) time complexity where b is branching factor and d is depth, but their space requirements differ dramatically, making the choice dependent on problem constraints.",Uninformed Search,5
11,Explain Uniform Cost Search (UCS) algorithm with its advantages and disadvantages.,"Uniform Cost Search (UCS) is an uninformed search algorithm that explores paths based on the lowest cumulative path cost, making it ideal for weighted graph problems.

**Algorithm Working:**
1. Initialize frontier list with starting node S at path cost g(n) = 0
2. Add node to explored list
3. Expand node by visiting all child nodes
4. Check if any child is the goal node
5. Reorder frontier as priority queue based on minimum path cost g(n)
6. Repeat until goal is found or frontier is empty

**Example Scenario:**
Consider paths from A to B:
- Direct path A→B: cost = 5
- Indirect path A→C→B: cost = 4 (2+2)
UCS selects A→C→B because it has the lower cumulative cost (4 < 5).

**Advantages:**
- Optimal solution guaranteed - always selects path with least cost
- Complete when all step costs are positive
- Particularly effective for problems with varying path costs

**Disadvantages:**
- Only concerned with path cost, not the number of steps
- Can get stuck in infinite loops if not properly implemented
- May explore many unnecessary nodes before reaching goal
- Higher memory requirements than some alternatives

**Applications:**
UCS is widely used in GPS navigation systems, network routing protocols, and resource optimization problems where cost minimization is critical. It forms the foundation for more advanced algorithms like A* search.",Uninformed Search,5
12,Describe Depth-Limited Search and explain how it addresses the limitations of standard DFS.,"Depth-Limited Search (DLS) is an enhancement of Depth-First Search that addresses the infinite path problem by imposing a predetermined depth limit on the search.

**Key Concept:**
DLS treats nodes at the specified depth limit as if they have no successor nodes, effectively preventing the algorithm from exploring beyond that depth. This controlled exploration prevents infinite loops while maintaining DFS's memory efficiency.

**Termination Conditions:**
DLS can terminate with two distinct failure values:
1. **Standard Failure**: Indicates no solution exists for the problem at any depth
2. **Cutoff Failure**: Indicates no solution was found within the given depth limit, though one might exist deeper

**Algorithm Characteristics:**
The depth limit is typically set based on domain knowledge or problem characteristics. For example, if solving an 8-puzzle where the optimal solution requires at most 20 moves, setting the depth limit to 25 provides a safety margin.

**Advantages:**
- Memory efficient like standard DFS
- Prevents infinite path exploration
- Suitable for problems with known maximum solution depths
- Lower space complexity than BFS

**Disadvantages:**
- Incomplete - may miss solutions beyond the depth limit
- Not optimal if multiple solutions exist at different depths
- Choosing appropriate depth limit can be challenging
- May terminate prematurely if limit is too restrictive

**Practical Use:**
DLS is particularly effective in game-playing AI where move depth is limited, puzzle solving with known maximum solution lengths, and scenarios where computational resources or time constraints require bounded search depth.",Uninformed Search,5
13,Explain Iterative Deepening Depth-First Search (IDDFS) and discuss its optimality and completeness.,"Iterative Deepening Depth-First Search (IDDFS) is an uninformed search algorithm that combines the memory efficiency of DFS with the completeness and optimality properties of BFS through progressive depth-limited searches.

**Algorithm Working:**
1. Set initial depth limit to 0
2. Perform Depth-Limited DFS (DLDFS) from start node with current depth limit
3. If goal found, return the path
4. If goal not found, increment depth limit by 1
5. Repeat steps 2-4 until goal found or maximum depth exceeded

**Example:**
For a tree search, IDDFS first explores depth 0 (root only), then depth 1 (root + immediate children), then depth 2, and so on, gradually expanding the search horizon.

**Optimality:**
IDDFS is optimal for finding the shallowest solution. Since it explores level by level, it discovers the goal closest to the root first. Once a solution is found, it's guaranteed to be at the minimum depth because all shallower levels were already explored.

**Completeness:**
IDDFS is complete for finite graphs with finite branching factors. It exhaustively searches the entire space by incrementally increasing depth, ensuring that if a solution exists within a reachable depth, it will be found.

**Advantages:**
- Memory efficient: O(bd) space complexity like DFS
- Optimal for uniform cost problems
- Preferred for large search spaces with unknown solution depth
- Avoids DFS's problem of exploring deep subtrees unnecessarily

**Disadvantages:**
- Higher time complexity due to repeated node exploration at each depth
- Not complete for infinite graphs
- Not optimal if step costs are non-uniform
- Requires specifying maximum depth limit for practical implementation

IDDFS is particularly valuable when memory is limited but completeness and optimality are required.",Uninformed Search,5
14,Explain the Traveling Salesman Problem (TSP) with its algorithm and provide a practical example.,"The Traveling Salesman Problem (TSP) is a classic combinatorial optimization problem where a salesperson must visit multiple cities exactly once and return to the starting city, minimizing the total travel distance.

**Problem Statement:**
Given a set of cities and distances between each pair, find the shortest possible route that:
1. Visits every city exactly once
2. Returns to the origin city
3. Minimizes total travel cost/distance

**Greedy Algorithm Approach:**
1. Sort all edges by distance (least to largest)
2. Select edge with minimum distance
3. Choose one vertex as origin node
4. From current node, find least-cost adjacent edge not yet visited
5. Continue process ensuring no cycles form (except final return)
6. Return to origin to complete the tour

**Practical Example - Newspaper Delivery:**
A newspaper agent must deliver to houses H1 through H8 with minimum travel cost.

Starting from H1:
- H1 → H6 (cost: 4) - minimum from H1
- H6 → H7 (cost: 3) - minimum from H6
- H7 → H8 (cost: 2) - minimum from H7
- H8 → H5 (cost: 4) - minimum from H8
- H5 → H2 (cost: 3) - minimum from H5
- H2 → H3 (cost: 2) - minimum from H2
- H3 → H4 (cost: 1) - minimum from H3
- H4 → H1 (cost: 6) - return to origin

**Total minimum travel cost: 25 units**

**Real-World Applications:**
- Logistics and delivery route optimization
- Circuit board drilling optimization
- DNA sequencing
- Manufacturing scheduling
- Network routing

TSP is NP-hard, meaning exact solutions become computationally expensive as city count increases, often requiring heuristic or approximation algorithms for large instances.",Optimization Problems,5
15,Explain the A* search algorithm with its evaluation function and applications.,"A* (A-star) is an informed search algorithm that finds the shortest and most efficient path from start to goal by combining actual cost traveled with estimated remaining cost.

**Core Formula:**
**f(n) = g(n) + h(n)**

Where:
- **g(n)** = Actual cost from start node to current node n (distance already traveled)
- **h(n)** = Heuristic estimate of cost from node n to goal (smart guess of remaining distance)
- **f(n)** = Total estimated cost of the cheapest path through node n

**Algorithm Steps:**
1. **Initialization**: Add initial node to open set with its f(n) value
2. **Loop**: Select node with lowest f(n) from open set
3. **Goal Check**: If node is goal, terminate and return path
4. **Node Expansion**: Calculate g, h, and f values for all neighbors
5. **Update**: Add neighbors to open set or update if better path found
6. **Repeat**: Continue until goal reached or open set empty

**Heuristic Function:**
The heuristic h(n) is a ""smart guess"" - for example, straight-line distance to destination in navigation problems. A good heuristic never overestimates the actual cost (admissible heuristic), ensuring optimality.

**Key Advantages:**
- Optimal and complete with admissible heuristic
- More efficient than Dijkstra's algorithm
- Balances exploration with goal-directedness
- Widely applicable across domains

**Real-World Applications:**
1. **Pathfinding in Games**: Character navigation in dynamic game environments
2. **Robotics**: Autonomous robot navigation between points
3. **Network Routing**: Optimal data packet routing in telecommunications
4. **AI Planning**: Multi-stage decision-making and movement evaluation

A* represents the ""best of both worlds"" - combining Dijkstra's guaranteed optimality with Greedy Best-First Search's efficiency through intelligent heuristic guidance.",Informed Search,5
16,Explain Best First Search algorithm and differentiate between its two main variants: Greedy Best First Search and A* Search.,"Best First Search (BFS) is an informed search algorithm that uses priority queues and heuristic functions to intelligently select the most promising node for exploration at each step.

**Algorithm Mechanism:**
1. Maintain two lists: OPEN (nodes to explore) and CLOSED (explored nodes)
2. Start with initial node in ordered OPEN list
3. Select top node from OPEN, move to CLOSED
4. If goal reached, backtrack to find solution path
5. Otherwise, expand node and add children to OPEN
6. Reorder OPEN list by evaluation function f(n)
7. Repeat until goal found

**Two Main Variants:**

**1. Greedy Best First Search:**
- Evaluation function: f(n) = h(n) only
- Uses only heuristic to estimate direct distance to goal
- Prioritizes nodes that appear closest to goal
- Faster but may be misled by heuristic
- Example: Choosing route that looks shortest on map without considering actual road conditions
- Not guaranteed optimal

**2. A* Search:**
- Evaluation function: f(n) = g(n) + h(n)
- Combines actual travel cost g(n) with heuristic h(n)
- Balances both achieved progress and estimated remaining distance
- More accurate and reliable for complex pathfinding
- Example: Considers both distance traveled and estimated remaining distance
- Optimal and complete with admissible heuristic

**Key Differences:**
- Greedy focuses only on heuristic distance (short-term thinking)
- A* considers total cost including path taken (comprehensive evaluation)
- Greedy is faster but less reliable
- A* is slower but guarantees optimal solution

**Applications:**
Both variants are used in GPS navigation, game AI, robotics, and network routing, with A* generally preferred for critical applications requiring guaranteed optimal solutions.",Informed Search,5
17,"Explain the Hill Climbing algorithm with its types, advantages, and disadvantages.","Hill Climbing is a local search optimization algorithm inspired by climbing a hill, where the objective is to reach the peak (optimal solution) by iteratively making small improvements.

**Basic Concept:**
The algorithm starts with an initial solution and explores neighboring solutions. If a neighbor improves the objective function, it becomes the current solution. This continues until no better neighbor exists or a stopping criterion is met.

**Three Main Types:**

**1. Simple Hill Climbing:**
- Makes incremental moves to neighboring solutions
- Accepts new solution only if it improves objective function
- Terminates when no improvement possible
- Prone to getting stuck in local optima

**2. Steepest-Ascent Hill Climbing:**
- Explores all neighboring solutions
- Selects the one offering maximum improvement
- More rigorous but computationally expensive
- Better at escaping shallow local optima

**3. Stochastic Hill Climbing:**
- Introduces randomness in solution selection
- Probabilistically accepts worse solutions
- Explores broader solution space
- Can escape local optima through random moves

**Advantages:**
1. Simple to understand and implement
2. Memory efficient - stores only current state
3. Quick convergence to local maximum
4. Suitable for basic optimization problems

**Disadvantages:**
1. **Local Optima**: Gets stuck at local peaks, missing global optimum
2. **Plateaus**: Struggles on flat regions with no discernible gradient
3. **Ridges**: Oscillates along narrow elevated paths
4. **Initial State Sensitivity**: Solution quality depends heavily on starting point
5. **Lack of Exploration**: Myopic approach may miss better distant solutions

**Real-World Applications:**
- Route optimization for delivery services
- Game playing AI (Tic-Tac-Toe)
- Job scheduling and task assignment
- Feature selection in machine learning
- Network configuration optimization

Hill Climbing is effective for simple problems but requires enhancements like simulated annealing or genetic algorithms for complex optimization landscapes.",Optimization Algorithms,5
18,"Explain Genetic Algorithms inspired by natural evolution, including their working mechanism and key operators.","Genetic Algorithms (GA) are nature-inspired optimization techniques that mimic biological evolution to solve complex problems with numerous variables and potential solutions.

**Core Concept:**
GAs simulate Darwin's theory of ""survival of the fittest"" through computer programs, where solutions evolve over generations, with better solutions producing offspring while weaker ones are eliminated.

**Working Mechanism:**

**1. Initialization:** Generate random population of potential solutions (chromosomes)

**2. Fitness Evaluation:** Score each solution based on how well it solves the problem

**3. Selection:** Choose fittest individuals as parents using selection operators (tournament selection, roulette wheel, etc.)

**4. Crossover (Reproduction):** Combine genes from two parents to create offspring
   - Random crossover point selected
   - Genetic material exchanged between parents
   - Creates new solution combining traits

**5. Mutation:** Introduce random changes in offspring to maintain genetic diversity and prevent premature convergence

**6. Replacement:** New generation replaces old population

**7. Termination:** Continue until satisfactory solution found or generation limit reached

**Key Operators:**

**Selection Operator:** Identifies high-fitness individuals for reproduction

**Crossover Operator:** Merges parent chromosomes at random crossover sites to form offspring with combined characteristics

**Mutation Operator:** Randomly alters genes to introduce diversity, preventing premature convergence to suboptimal solutions

**Key Terminology:**
- **Chromosome**: Individual solution representation
- **Gene**: Variable component within chromosome
- **Allele**: Specific value of a gene
- **Fitness Score**: Measure of solution quality
- **Search Space**: Collection of all possible solutions

**Real-World Applications:**
- Traveling Salesman Problem optimization
- Neural network training
- Scheduling and timetabling
- Robot path planning
- Feature selection in machine learning
- Circuit design and VLSI layout

**Advantages:**
GAs excel at finding near-optimal solutions for complex problems where traditional algorithms struggle, handling large search spaces effectively through parallel population-based search.",Optimization Algorithms,5
19,Explain Bidirectional Search algorithm with its benefits and practical applications.,"Bidirectional Search is an efficient search technique that simultaneously searches from both the initial state (forward) and goal state (backward), meeting in the middle to dramatically reduce search time.

**Algorithm Working:**

**1. Initial Setup:** Initialize two simultaneous searches:
   - Forward search: Expands from initial state
   - Backward search: Expands from goal state

**2. Node Expansion:** Both searches alternately expand nearest unexplored nodes
   - Forward: Generates successors
   - Backward: Generates predecessors

**3. Intersection Check:** After each expansion, check if newly generated nodes exist in opposite search's frontier

**4. Meeting Point:** When common node discovered, construct optimal path by joining:
   - Path from initial state to meeting point
   - Path from meeting point to goal state

**Key Benefits:**

**1. Efficiency:** Dramatically reduces search space by searching from both ends
   - If BFS has complexity O(b^d), bidirectional reduces to approximately O(2*b^(d/2))
   - Exponential improvement in large search spaces

**2. Optimality:** Guarantees finding optimal solution when using uniform-cost strategies

**3. Memory Efficiency:** Often requires less memory than traditional BFS, especially in densely connected graphs

**Challenges:**
- Implementation complexity managing two simultaneous searches
- Both forward and backward expansion must be feasible and meaningful
- Memory management of both search frontiers required

**Practical Applications:**

**1. Navigation Systems (GPS):** Google Maps, OpenStreetMap finding shortest routes in large road networks

**2. Robot Motion Planning:** Warehouse robots navigating efficiently around obstacles

**3. Social Networks:** Finding degrees of separation between users on LinkedIn/Facebook

**4. Network Routing:** Optimal data packet routing in telecommunications

**5. Puzzle Solving:** Solving complex puzzles like 8-puzzle, Rubik's Cube efficiently

**6. AI Planning:** Automated planning in logistics and supply chain systems

Bidirectional search is particularly effective when both forward and backward searches are equally feasible and the search space is large.",Search Algorithms,5
20,"Explain Simulated Annealing algorithm, its inspiration from metallurgy, and compare it with other optimization algorithms.","Simulated Annealing (SA) is a probabilistic optimization technique inspired by the annealing process in metallurgy, where materials are heated and slowly cooled to achieve a low-energy, stable crystalline structure.

**Conceptual Foundation:**
Just as atoms move freely at high temperatures and settle into stable configurations as temperature decreases, SA explores solution space freely initially (accepting worse solutions) and gradually becomes more selective as ""temperature"" cools.

**Algorithm Working:**
1. Start with random initial solution
2. Generate neighbor solution through small random change
3. If new solution better, accept it
4. If new solution worse, accept with probability that decreases over time
5. Gradually reduce temperature according to cooling schedule
6. Repeat until system ""freezes"" (temperature very low or stopping condition met)

**Acceptance Probability:**
Worse solutions accepted with probability proportional to temperature, allowing escape from local optima early in search while converging to good solutions later.

**Why Use in AI:**
- Handles non-convex, multi-modal problems with multiple local optima
- Effective for combinatorial optimization (TSP, scheduling)
- Can optimize neural network weights
- Simple to implement

**Comparison with Other Algorithms:**

| Feature | Simulated Annealing | Genetic Algorithm | Hill Climbing |
|---------|-------------------|------------------|---------------|
| Accepts worse solutions | Yes (probabilistically) | Yes (via mutation) | No |
| Escapes local optima | Yes | Yes | No |
| Population-based | No (single solution) | Yes | No |
| Inspiration | Physics (annealing) | Biology (evolution) | Greedy search |
| Tuning required | Moderate | High | Low |

**Real-World Applications:**
1. **Combinatorial Optimization**: TSP, graph coloring
2. **Scheduling**: Job-shop scheduling, class timetabling
3. **Neural Networks**: Weight optimization where gradients unavailable
4. **Circuit Design**: VLSI layout and component placement
5. **Computer Vision**: Image segmentation, feature matching
6. **Bioinformatics**: DNA sequence alignment, protein folding

**Advantages:**
- Simple and intuitive
- Escapes local optima effectively
- Works well in high-dimensional or discrete problems

**Limitations:**
- Slower convergence than greedy algorithms
- Sensitive to parameter choices (cooling rate, initial temperature)
- No guarantee of global optimum - only good approximation

SA is particularly valuable for complex optimization problems where traditional methods get trapped in local optima.",Optimization Algorithms,5
21,Explain the Minimax algorithm used in adversarial search with its key concepts and application in game theory.,"The Minimax algorithm is a decision-making rule used in two-player, zero-sum games to determine optimal moves, assuming both players play optimally. It's fundamental to adversarial search where one player's gain equals another's loss.

**Key Concepts:**

**1. MAX Player:** Attempts to maximize the game score, typically representing the AI agent

**2. MIN Player:** Attempts to minimize the score, representing the opponent

**3. Game Tree Evaluation:** The algorithm evaluates from terminal states (leaves) back to the root node

**Working Mechanism:**
The algorithm recursively explores all possible game states represented as a tree structure. At terminal nodes, utility values are assigned based on game outcomes. These values propagate upward: MAX nodes select maximum child values, while MIN nodes select minimum child values.

**Example - Tic-Tac-Toe:**
- Initial State: Empty 3×3 board
- Players: X (MAX) and O (MIN) taking alternate turns
- Actions: Place symbol in empty square
- Terminal States: Win, loss, or draw
- Utility Function: +1 (X wins), -1 (O wins), 0 (draw)

**Application Process:**
At each level, MAX chooses moves leading to highest scores while MIN chooses moves forcing lowest scores. The algorithm assumes perfect play from both sides, creating a worst-case optimal strategy.

**Significance:**
Minimax forms the foundation for game-playing AI in chess, checkers, and strategic decision-making systems. However, its exponential complexity necessitates optimization techniques like Alpha-Beta Pruning for practical applications in complex games.",Adversarial Search,5
22,Explain Alpha-Beta Pruning optimization technique with its working mechanism and benefits in AI decision-making.,"Alpha-Beta Pruning is a search optimization technique that improves minimax algorithm performance by eliminating unnecessary branch evaluations, discovered independently by researchers in the 1900s.

**Core Concept:**
The technique avoids evaluating game tree branches that cannot influence the final decision by maintaining two values: Alpha (lower bound) and Beta (upper bound).

**Alpha and Beta Values:**
- **Alpha (α):** Best value the maximizing player can guarantee; represents lower bound; initially -∞
- **Beta (β):** Best value the minimizing player can guarantee; represents upper bound; initially +∞

**Pruning Process:**
As the algorithm explores the tree, it tracks Alpha and Beta values. When Alpha ≥ Beta at any node, the current branch is pruned because the opponent will avoid this path in favor of better alternatives. This eliminates large tree sections from evaluation.

**Working Example:**
1. Start with α = -∞, β = +∞
2. At MAX nodes: Update alpha with maximum child value
3. At MIN nodes: Update beta with minimum child value
4. If α ≥ β: Prune remaining siblings (they won't affect final decision)
5. Propagate values upward until root reached

**Key Benefits:**

**1. Improved Efficiency:** Significantly reduces computational requirements by focusing only on relevant branches

**2. Reduced Time Complexity:** Optimally reduces from O(b^d) to O(b^(d/2)), enabling deeper tree exploration

**3. Scalability:** Makes exploring larger search spaces feasible for complex games like chess and Go

**Applications:**
- Game AI: Stockfish (chess), AlphaGo (Go)
- Autonomous systems: Real-time robot decision-making
- Financial modeling: Portfolio optimization with scenario evaluation

Alpha-Beta Pruning is crucial for practical AI game playing, enabling real-time decision-making in complex strategic environments.",Adversarial Search,5
23,Compare and contrast Stochastic Games and Partially Observable Games in artificial intelligence.,"Stochastic and Partially Observable Games represent two distinct sources of uncertainty in multi-agent AI systems, each requiring different handling strategies.

**Stochastic Games (Markov Games):**

**Definition:** Games where action outcomes are probabilistic rather than deterministic, generalizing both MDPs and normal-form games.

**Key Features:**
- Multiple decision-making agents (players)
- Game evolves in stages with probabilistic state transitions
- Next state depends on current state and joint actions of all players
- Players receive rewards based on actions and probabilistic outcomes

**Example - AI Football Match:**
Players can kick, pass, or defend. Ball movement and goal outcomes depend on probabilities. States include ""ball at center,"" ""ball near goal."" Next state determined by both players' actions plus chance elements.

**Partially Observable Games:**

**Definition:** Games where agents lack complete information about environment state or other agents' actions (imperfect information).

**Key Features:**
- Players receive only partial, noisy observations
- Must infer or estimate actual state
- Maintain belief state (probability distribution over possible states)
- Hidden information creates strategic complexity

**Example - Poker:**
Players see own cards but not opponents'. Must estimate opponent hands based on betting patterns and previous moves. Strategic decisions rely on probabilities and incomplete observations.

**Critical Differences:**

| Aspect | Stochastic Games | Partially Observable Games |
|--------|------------------|---------------------------|
| Uncertainty Source | Random action outcomes | Limited information/visibility |
| Observability | Fully observable | Partially observable |
| Primary Challenge | Handle probabilistic transitions | Handle incomplete information |
| Example | Dice games, grid world robots | Card games, blindfold chess |

**Applications:**
Stochastic games apply to multi-agent reinforcement learning and robotic simulations. Partially observable games apply to poker bots (Libratus, DeepStack), military strategy simulations, and autonomous navigation with sensor noise.

Both types require sophisticated AI techniques but address fundamentally different uncertainty sources in competitive multi-agent environments.",Adversarial Search,5
24,Explain the architecture and components of Knowledge-Based Agents in artificial intelligence.,"Knowledge-Based Agents (KBAs) are AI systems that use stored knowledge to perform tasks, make decisions, and draw conclusions. They are essential in medicine, engineering, and finance for solving complex problems.

**Two Main Components:**

**1. Knowledge Base (KB):**
A collection of knowledge used for decision-making, stored in databases or knowledge representation systems. Knowledge can be:
- **Explicit:** Rules or facts (e.g., ""IF fever THEN check for infection"")
- **Implicit:** Relationships or patterns discovered through data analysis

The KB consists of sentences expressed in knowledge representation language, representing facts about the world.

**2. Inference System:**
Uses reasoning methods to infer new knowledge from existing knowledge:
- **Deduction:** Logical conclusions from premises
- **Induction:** General rules from specific observations
- **Abduction:** Best explanation for observations

Operates through forward chaining (data-driven) and backward chaining (goal-driven) rules.

**Architecture:**
KBA receives environmental input through perception → Inference engine processes input → Communicates with KB to determine appropriate action → Learning element updates KB with new knowledge → Agent executes action.

**Three Key Operations:**
1. **TELL:** Agent informs KB about perceived information
2. **ASK:** Agent requests KB to suggest appropriate action
3. **PERFORM:** Agent executes selected action

**Three Levels of Abstraction:**
- **Knowledge Level:** What agent knows and how it uses knowledge (highest abstraction)
- **Logical Level:** How knowledge is represented and manipulated through formal logic
- **Implementation Level:** Programming language implementation details (lowest abstraction)

**Design Approaches:**
- **Declarative:** Represents knowledge as rules/facts independent of manipulation algorithms
- **Procedural:** Represents knowledge as instruction sequences tied to algorithms

**Real-World Applications:**
Medical diagnosis systems (MYCIN), financial fraud detection, domain-specific chatbots for legal/insurance queries.

KBAs enable intelligent decision-making by combining structured knowledge storage with logical reasoning capabilities.",Knowledge Representation,5
25,Explain the different types of logic used in artificial intelligence with examples for each type.,"Logic provides the foundational framework for AI systems to process information, make decisions, and solve problems. Different logic types serve specific reasoning requirements:

**1. Propositional Logic (Boolean Logic):**
- Uses true/false statements (propositions)
- Applies to simple rule-based systems
- Example: IF ""It is raining"" (True) AND ""I have umbrella"" (True) THEN ""I will go outside"" (True)

**2. First-Order Logic (Predicate Logic):**
- Handles objects, properties, and relations
- More expressive than propositional logic
- Example: ∀x (Human(x) → Mortal(x)) meaning ""All humans are mortal""

**3. Fuzzy Logic:**
- Uses degrees of truth (values between 0 and 1)
- Handles uncertain, imprecise, vague information
- Example: Temperature = 0.7 × ""Hot"" + 0.3 × ""Warm""
- Applications: Weather control systems, washing machines

**4. Modal Logic:**
- Reasons about necessity and possibility
- Used for beliefs, knowledge, intentions
- Example: □P (necessarily true) vs ◇Q (possibly true)
- Application: Security systems - ""Robot must necessarily alert if someone detected in restricted area""

**5. Temporal Logic:**
- Handles time-based statements
- Used in planning and scheduling
- Example: ""Eventually robot will reach goal"" or ""Always, if light is red, stop""

**6. Default Logic (Non-monotonic):**
- Allows assumptions that can be withdrawn when contradicted
- Handles changing knowledge
- Example: ""Birds can fly"" + ""Tweety is bird"" → flies; BUT ""Tweety is penguin"" → doesn't fly

**7. Description Logic:**
- Defines concepts (classes), roles (relationships), individuals
- Used in ontologies, semantic web (OWL)
- Example: Student defined as Person enrolled in Course
- Application: Knowledge graphs, semantic systems

**8. Bayesian Logic:**
- Probabilistic reasoning with uncertainty
- Example: Given cough and fever, calculate flu probability
- Applications: Medical diagnosis, spam filters

Each logic type addresses specific AI challenges, from simple boolean decisions to complex probabilistic reasoning under uncertainty.",Logic and Reasoning,5
26,Explain probabilistic reasoning in AI with its importance and applications in handling uncertainty.,"Probabilistic reasoning is a decision-making approach that uses probabilities to make educated predictions when complete information is unavailable, acknowledging that certainty is rare in real-world scenarios.

**Core Concept:**
Instead of definite statements (""this will happen""), probabilistic reasoning expresses likelihood (""this is 70% likely to happen"") based on available evidence and historical patterns.

**Why Probabilistic Reasoning is Needed:**
Real-world information is typically incomplete, noisy, or uncertain. Probabilistic methods enable AI systems to function effectively despite these limitations.

**Sources of Uncertainty in AI:**

**1. Incomplete Data:** System lacks all relevant facts
   - Example: Robot cannot see behind walls

**2. Noisy Data:** Sensors provide erroneous information
   - Example: Camera misidentifies bush as person at night

**3. Ambiguity:** Single input has multiple interpretations
   - Example: ""Bank"" - financial institution vs. riverbank

**Key Concepts:**

**Uncertainty:** Not being 100% certain about something; making decisions without complete information

**Probability:** Number between 0 and 1 indicating event likelihood

**Conditional Probability:** Probability of event A given event B has occurred

**Bayes' Theorem:** Formula updating beliefs after observing new evidence

**Real-World Applications:**

**1. Medical Diagnosis:**
Input symptoms (fever, cough) → Output probabilities (80% flu, 10% cold, 10% other) → Guides treatment decisions

**2. Spam Filtering:**
Email contains ""Buy now!"" → 90% spam probability
Email contains ""Meeting agenda"" → 10% spam probability
System learns and adapts continuously

**3. Self-Driving Cars:**
Object detected on road → Calculate probabilities:
- 70% cardboard box (safe)
- 30% animal (danger)
Decision: Slow down/stop to ensure safety

**4. Weather Prediction:**
Based on historical data and current conditions → ""70% chance of rain"" → User carries umbrella

**Handling Mechanisms:**
AI systems use Bayesian networks, Markov models, and fuzzy logic to assign likelihoods to different possibilities and make optimal decisions under uncertainty.

Probabilistic reasoning enables AI to function effectively in the uncertain, complex real world where perfect information is rarely available.",Probabilistic Reasoning,5
27,Explain First-Order Logic (FOL) with its basic elements and why it is more expressive than Propositional Logic.,"First-Order Logic (FOL), also known as Predicate Logic or First-Order Predicate Logic, is a powerful knowledge representation language in artificial intelligence that extends propositional logic by representing information about objects, their properties, and relationships.

**Why FOL is More Expressive:**

Propositional Logic has limitations - it treats statements as atomic units without internal structure. FOL overcomes this by assuming the world contains not just facts but also objects, relations, and functions, enabling more natural and concise representation of knowledge.

**Basic Elements of FOL:**

**1. Constants:** Represent specific objects (1, 2, A, John, Mumbai, cat)

**2. Variables:** Represent arbitrary objects (x, y, z, a, b)

**3. Predicates:** Express properties or relations (Brother, Father, >, Red)

**4. Functions:** Map objects to objects (sqrt, LeftLegOf, FatherOf)

**5. Connectives:** Logical operators (∧ AND, ∨ OR, ¬ NOT, → implies, ↔ iff)

**6. Equality:** Signifies two terms refer to same object (==)

**7. Quantifiers:** Specify quantity of instances (∀ universal, ∃ existential)

**Key Components:**

**Syntax:** Rules for constructing well-formed formulas (WFFs) - defines permissible symbols and combinations

**Semantics:** Assigns meaning based on domain of discourse and interpretation of symbols

**Example Representation:**
- ""All humans are mortal"": ∀x (Human(x) → Mortal(x))
- ""Some students are intelligent"": ∃x (Student(x) ∧ Intelligent(x))

FOL's expressiveness makes it sufficiently powerful to represent natural language statements concisely, enabling complex reasoning about objects and their relationships in artificial intelligence systems.",First Order Logic,5
28,Explain Universal and Existential Quantifiers in First-Order Logic with examples and their properties.,"Quantifiers in FOL specify the quantity of specimens in the universe of discourse. The two main types are Universal and Existential quantifiers.

**Universal Quantifier (∀):**

**Definition:** States that a predicate holds true for all instances in the domain. Represented by ∀, resembling an inverted A.

**Reading:** ""For all x"", ""For each x"", ""For every x""

**Main Connective:** Implication (→)

**Example:** ""All men drink coffee""
- FOL: ∀x (man(x) → drink(x, coffee))
- Reading: ""For all x, if x is a man, then x drinks coffee""

**Existential Quantifier (∃):**

**Definition:** States that a predicate holds true for at least one instance in the domain. Represented by ∃, resembling an inverted E.

**Reading:** ""There exists an x"", ""For some x"", ""For at least one x""

**Main Connective:** Conjunction (∧)

**Example:** ""Some boys are intelligent""
- FOL: ∃x (boy(x) ∧ intelligent(x))
- Reading: ""There exists some x where x is a boy and x is intelligent""

**Key Points to Remember:**
- Universal quantifier uses implication (→)
- Existential quantifier uses conjunction (∧)

**Properties of Quantifiers:**

**1. Commutative within Same Type:**
- ∀x∀y is equivalent to ∀y∀x
- ∃x∃y is equivalent to ∃y∃x

**2. Order Matters with Different Types:**
- ∃x∀y is NOT equivalent to ∀y∃x

**Example Demonstrating Order Importance:**
- ∃x∀y: ""There exists a student who has taken all courses""
- ∀y∃x: ""For every course, there exists a student who has taken it""

These statements have fundamentally different meanings.

**Quantifier Duality:**
Each quantifier can be expressed using the other with negation:
- ∀x Likes(x, IceCream) ≡ ¬∃x¬Likes(x, IceCream)
- ∃x Likes(x, Broccoli) ≡ ¬∀x¬Likes(x, Broccoli)

Understanding quantifiers is crucial for accurately representing and reasoning about statements in artificial intelligence knowledge bases.",First Order Logic,5
29,"Explain Unification in AI with its algorithm, conditions, and importance with real-world examples.","Unification in Artificial Intelligence is a fundamental process of making two logical expressions identical by finding suitable variable substitutions. It's essential for logic-based AI systems, automated reasoning, and natural language processing.

**Definition:**
The process of matching two logical statements by replacing variables with constants or other variables to make expressions equivalent.

**Conditions for Successful Unification:**

**1. Predicate Names Must Match:** Loves(x,y) and Hates(A,B) cannot unify (different predicates)

**2. Equal Number of Arguments:** P(A,B) and P(x,y,z) cannot unify (different arities)

**3. Constants Unify Only with Themselves:** Apple cannot unify with Orange

**4. Variables Can Substitute:** Variables can be replaced with constants or other variables

**5. No Circular Substitution (Occurs Check):** Variable x cannot substitute with f(x) (creates infinite loop)

**6. Consistent Variable Occurrences:** P(x,x) and P(A,B) fail if x must simultaneously equal both A and B

**Unification Algorithm - UNIFY(Expression1, Expression2):**

**Step 1:** Check if expressions are identical variables/constants → return empty substitution

**Step 2:** Compare predicate names → if different, return FAILURE

**Step 3:** Verify argument count → if unequal, return FAILURE

**Step 4:** Initialize empty substitution set []

**Step 5:** Recursively unify each argument pair, applying substitutions progressively

**Step 6:** Return Most General Unifier (MGU) - simplest substitution set achieving unification

**Example:**
Unify A(x, f(g(x)), a) and A(b, y, z):
- Initial: SUBST = []
- After x|b: SUBST = [(x|b)]
- After y|f(g(b)): SUBST = [(y|f(g(b))), (x|b)]
- After z|a: SUBST = [(z|a), (y|f(g(b))), (x|b)]
- **MGU:** [(z|a), (y|f(g(b))), (x|b)]

**Importance in AI:**

**1. Automated Reasoning:** Enables inference and new knowledge generation

**2. Logic Programming (Prolog):** Matches queries with facts for decision-making

**3. NLP:** Aids language understanding and interpretation

**4. Expert Systems:** Powers rule-based decision-making in specialized domains

**5. Theorem Proving:** Facilitates automated mathematical proof verification

**Real-World Example - IBM Watson Healthcare:**
- Rule: HasDisease(X, flu) if HasSymptom(X, fever) ∧ HasSymptom(X, cough)
- Patient: HasSymptom(John, fever), HasSymptom(John, cough)
- Unification: X|John
- Conclusion: HasDisease(John, flu)

Unification enables AI systems to match patterns, apply rules intelligently, and make logical inferences critical for automated reasoning.",First Order Logic,5
30,Explain Forward Chaining and Backward Chaining inference methods in rule-based systems with their advantages and comparison.,"Forward Chaining and Backward Chaining are two fundamental inference methods used in rule-based AI systems for logical reasoning and decision-making.

**Forward Chaining (Data-Driven):**

**Mechanism:**
Starts with available facts/data and applies IF-THEN rules to derive new facts until goal is reached or no more rules applicable.

**Working Process:**
1. Begin with known facts in knowledge base
2. Find rules whose conditions (IF parts) are satisfied
3. Apply rules to infer new facts (THEN parts)
4. Add new facts to knowledge base
5. Repeat until goal achieved or no applicable rules

**Example - Medical Diagnosis:**
- Facts: Patient has fever, cough
- Rule: IF fever AND cough THEN possible flu
- Conclusion: System infers ""possible flu""

**Advantages:**
- Simple and straightforward implementation
- Automatic processing of arriving data
- Comprehensive - explores all possible inferences
- Efficient when all inferences needed from dataset
- Suitable for dynamic environments with continuous data

**Disadvantages:**
- Inefficient for specific goal-oriented tasks
- Memory intensive (stores many intermediate facts)
- Can become slow with large rule sets
- May generate many irrelevant inferences

**Backward Chaining (Goal-Driven):**

**Mechanism:**
Starts with goal/hypothesis and works backward, checking if available data supports it by recursively proving sub-goals.

**Working Process:**
1. Begin with goal to prove
2. Identify rules that could conclude the goal
3. Check if rule conditions are met
4. Recursively prove sub-goals (conditions)
5. Continue until reaching initial facts or goal deemed unattainable

**Example - Computer Troubleshooting:**
- Goal: Computer won't start
- Check backward: Is power connected? → Is battery charged? → Is power button working?

**Advantages:**
- Efficient for specific goal achievement
- Resource efficient - requires less memory
- Focuses only on relevant facts
- Suitable for diagnostic systems and interactive queries
- Ideal when specific problem-solving needed

**Disadvantages:**
- More complex implementation (recursive nature)
- Requires predefined goals
- Inefficient with multiple goals (must repeat for each)
- Challenging with large rule sets

**Comparison:**

| Feature | Forward Chaining | Backward Chaining |
|---------|------------------|-------------------|
| Approach | Data-driven | Goal-driven |
| Starting Point | Known facts | Specific goals |
| Efficiency | All inferences | Specific goals only |
| Memory Usage | High (intermediate facts) | Lower (focused) |
| Implementation | Simple | Complex (recursive) |
| Best For | Dynamic data environments | Diagnostic/interactive systems |

**Real-World Applications:**
- Forward: Smart home automation, monitoring systems
- Backward: Technical support chatbots, medical diagnosis expert systems

Both methods are fundamental to rule-based AI, with selection depending on whether the system needs comprehensive inference or goal-specific problem-solving.",Inference Methods,5
31,"Explain Classical Planning in AI with its components, assumptions, and how it differs from general problem-solving.","Classical Planning, also known as Symbolic Planning, is an AI approach for automatically producing action sequences (plans) that achieve goals from an initial state through logical reasoning about states and actions.

**Core Components:**

**1. State:** Complete world description using logical atoms
   Example: On(BlockA, BlockB), Clear(BlockA), OnTable(BlockC)

**2. Actions:** Operations with preconditions (what must be true before) and effects (what becomes true after)
   Example: Move(x, y, z)
   - Preconditions: On(x,y) ∧ Clear(x) ∧ Clear(z)
   - Effects: Remove On(x,y), Add On(x,z), Update Clear atoms

**3. Initial State:** Starting configuration of the world

**4. Goal:** Condition or set of conditions planner must satisfy

**5. Transition Model:** Describes resulting state from applying action

**6. Utility/Cost Function:** Assigns numerical values to states or action sequences

**Fundamental Assumptions:**

**1. Deterministic Actions:** Effects are known and certain (no randomness)

**2. Fully Observable World:** Planner knows exact current state

**3. Static World:** Environment changes only through agent's chosen actions

**4. Discrete States:** Finite, countable state space

**5. Sequential Actions:** Actions occur one at a time

**Example - Blocks World:**
- State: Blocks arrangement (which on which, which on table, which clear)
- Actions: Stack, Unstack, PickUp, PutDown
- Goal: Achieve specific block configuration
- Plan: Sequence of moves to reach goal arrangement

**Planning as State-Space Search:**

**Forward Search (Progression):**
Start at initial state → Apply actions → Reach goal
- Example cooking: Raw ingredients → Boil water → Add pasta → Cook → Serve

**Backward Search (Regression):**
Start from goal → Reason backward about required preconditions → Reach initial state
- Example cooking: Served pasta (goal) → needs cooked pasta → needs boiled pasta → needs boiling water → needs water in pot

**Common Search Algorithms:**
- BFS: Complete, optimal for uniform costs, but memory-intensive
- DFS: Memory efficient, not guaranteed optimal
- Uniform Cost Search: Optimal for varying action costs
- A*: Optimal with good heuristics, f(n) = g(n) + h(n)

**Representation Languages:**
- STRIPS: Older, basic representation
- ADL: More expressive, additional features
- PDDL: Widely used standard (Planning Domain Definition Language)

**Difference from General Problem-Solving:**
Classical planning uses structured logical representation enabling automated reasoning about complex action sequences, whereas general problem-solving may use numerical, probabilistic, or unstructured approaches.

**Real-World Applications:**
- Robotics: Warehouse robots planning item retrieval sequences
- Space Missions: NASA satellite and Mars rover task scheduling
- Logistics: Delivery route and package drop-off optimization
- Manufacturing: Assembly line task sequencing

Classical planning provides the foundation for autonomous systems requiring intelligent action sequencing in structured, predictable environments.",Planning,5
32,Explain Hierarchical Task Network (HTN) planning with its components and advantages over classical planning.,"Hierarchical Task Network (HTN) planning is an AI planning approach that decomposes high-level tasks into progressively smaller subtasks using domain knowledge, making planning more natural and efficient than classical state-space search.

**Core Concept:**
Instead of planning every low-level action directly, HTN breaks large tasks into hierarchical subtasks like a to-do list that gets refined step by step, using recipes (methods) that capture domain expertise.

**Key Components:**

**1. Task:** Something the agent needs to accomplish
   - **High-level tasks:** Abstract goals (e.g., MakeTea, OrganizeParty)
   - **Primitive tasks:** Basic executable actions (e.g., TurnOnKettle, PourWater)

**2. Method:** Recipe for decomposing high-level task into smaller subtasks
   - Specifies how to break down abstract task
   - Contains ordering constraints and conditions

**3. Task Network:** Partially ordered set of tasks with constraints
   - Shows dependencies between tasks
   - Allows parallel execution where possible

**4. Decomposition:** Process of replacing high-level task with subtasks according to method

**Example - Making Tea:**

**High-level task:** MakeTea

**Method decomposition:**
- BoilWater
- AddTeaLeaves
- AddMilkAndSugar
- ServeTea

**Primitive tasks:**
- TurnOnKettle
- PourWater
- AddSugar
- Stir

**Advantages Over Classical Planning:**

**1. Leverages Domain Knowledge:**
Methods encode expert knowledge about task decomposition, guiding search efficiently rather than exploring blindly

**2. Natural Representation:**
Mirrors human thinking - we naturally break complex tasks into manageable subtasks

**3. Faster Planning:**
Dramatically reduces search space by using structured decomposition instead of exhaustive state-space exploration

**4. Scalability:**
Handles complex domains better through hierarchical abstraction

**5. Reusability:**
Methods can be reused across different planning problems in same domain

**Real-World Applications:**

**1. Virtual Assistants (Alexa, Siri):**
- High-level: ""Plan my day""
- Decompose: CheckCalendar → RemindMeetings → SuggestCommute → SetAlarms

**2. Robotics:**
- High-level: ""Clean the room""
- Decompose: PickUpTrash → VacuumFloor → MopFloor → ArrangeObjects

**3. Gaming AI:**
- High-level: ""Defeat enemy base""
- Decompose: GatherResources → BuildArmy → ScoutEnemy → PlanAttack → ExecuteAttack

**4. Manufacturing:**
- High-level: ""Assemble product""
- Decompose: GatherComponents → FollowAssemblySequence → QualityCheck → Package

**5. Military Planning:**
- High-level: ""Complete mission""
- Decompose: Intelligence → Logistics → Tactical → Execution → Extraction

**HTN vs Classical Planning:**

| Aspect | HTN Planning | Classical Planning |
|--------|-------------|-------------------|
| Approach | Top-down decomposition | Bottom-up state search |
| Knowledge | Uses domain methods | Domain-independent |
| Search Space | Reduced via hierarchy | Full state space |
| Efficiency | Generally faster | Can be slower |
| Naturalness | Mirrors human thinking | Abstract search |

HTN planning's hierarchical approach makes it particularly suitable for complex real-world domains where expert knowledge about task structure is available and can dramatically improve planning efficiency.",Planning,5
33,"Explain Generative AI with its working mechanism, model architectures, and real-world applications.","Generative AI is artificial intelligence that creates original content—text, images, video, audio, or code—in response to user prompts, using sophisticated deep learning models that learn patterns from massive training datasets.

**How Generative AI Works (Three Phases):**

**1. Training (Foundation Model Creation):**
- Deep learning algorithm trained on terabytes of raw, unlabeled data
- Performs millions of pattern-recognition exercises
- Creates neural network of parameters encoding relationships and patterns
- Result: Foundation model capable of autonomous content generation
- Examples: GPT (text), DALL-E (images), Stable Diffusion

**2. Tuning (Application-Specific Adaptation):**
- **Fine-tuning:** Feed labeled data specific to target application
- **RLHF (Reinforcement Learning with Human Feedback):** Users evaluate outputs, model improves iteratively
- **RAG (Retrieval Augmented Generation):** Extends model with external knowledge sources

**3. Generation & Continuous Improvement:**
- Model generates content based on prompts
- Outputs continuously evaluated and refined
- Regular retuning (weekly/monthly) improves accuracy
- Foundation models updated less frequently (yearly)

**Major Model Architectures:**

**1. Variational Autoencoders (VAEs) - 2013:**
- Encode data, decode multiple variations
- Applications: Anomaly detection, natural language generation

**2. Generative Adversarial Networks (GANs) - 2014:**
- Generator creates content vs. Discriminator evaluates quality
- Applications: Image generation, style transfer, data augmentation

**3. Diffusion Models - 2014:**
- Add noise to data, then iteratively remove noise to create output
- Applications: High-quality image generation (DALL-E)

**4. Transformers - 2017:**
- Use attention mechanism to process sequences
- Process entire sequences simultaneously, capture context
- Applications: ChatGPT, GPT-4, BERT, Midjourney
- Most powerful current architecture

**What Generative AI Can Create:**

**1. Text:** Essays, articles, documentation, code comments, emails, creative writing

**2. Images/Video:** Realistic images, original art, animations, special effects

**3. Audio/Speech:** Natural speech synthesis, voice assistants, music composition

**4. Software Code:** Original code, autocomplete, translation between languages, debugging

**5. Design:** Graphic design, game environments, characters, architectural concepts

**6. Scientific Data:** Molecular structures for drug discovery, synthetic training data

**Real-World Applications:**

**1. Education:** Personalized study notes, quiz generation (ChatGPT for students)

**2. Healthcare:** Drug discovery acceleration, medical imaging analysis

**3. Entertainment:** Movie concept art, background music generation

**4. E-commerce:** Fashion design prototyping, personalized product recommendations

**5. Customer Service:** Advanced chatbots with contextual understanding

**6. Software Development:** Code generation, application modernization, debugging assistance

**7. Marketing:** Personalized content creation, ad copy generation

**Benefits:**
- Greater efficiency through automation
- Enhanced creativity and brainstorming
- Improved decision-making from data analysis
- Dynamic personalization at scale
- 24/7 availability

**Challenges:**
- Hallucinations (plausible but incorrect outputs)
- Bias in training data
- Security/privacy concerns
- Deepfake potential for misuse
- Intellectual property questions

Generative AI represents a transformative technology automating creative and analytical tasks previously requiring human intelligence, with applications expanding rapidly across virtually all industries.",Generative AI,5
